{
    "400": {
        "transformer_nano": {
            "arch_type": "transformer",
            "n_params": 3243968,
            "train_loss": 10.414268493652344,
            "val_loss": 10.316798210144043,
            "gen_gap": -0.09747028350830078,
            "training_time": 0.9213721752166748
        },
        "transformer_micro": {
            "arch_type": "transformer",
            "n_params": 6637056,
            "train_loss": 10.100458908081055,
            "val_loss": 9.888230323791504,
            "gen_gap": -0.2122285842895515,
            "training_time": 0.9740710258483887
        },
        "lstm_nano": {
            "arch_type": "lstm",
            "n_params": 3283601,
            "train_loss": 10.758688354492188,
            "val_loss": 10.721650123596191,
            "gen_gap": -0.03703823089599645,
            "training_time": 0.9239678382873535
        },
        "lstm_micro": {
            "arch_type": "lstm",
            "n_params": 6616273,
            "train_loss": 10.699762725830078,
            "val_loss": 10.53790283203125,
            "gen_gap": -0.16185989379882848,
            "training_time": 1.0203022956848145
        },
        "gru_nano": {
            "arch_type": "gru",
            "n_params": 3279377,
            "train_loss": 10.686309432983398,
            "val_loss": 10.574272155761719,
            "gen_gap": -0.11203727722167933,
            "training_time": 0.9342660903930664
        },
        "gru_micro": {
            "arch_type": "gru",
            "n_params": 6582993,
            "train_loss": 10.46547203063965,
            "val_loss": 10.14693832397461,
            "gen_gap": -0.3185337066650398,
            "training_time": 1.0255851745605469
        },
        "mlp_nano": {
            "arch_type": "mlp",
            "n_params": 3268817,
            "train_loss": 10.753617477416991,
            "val_loss": 10.705845832824707,
            "gen_gap": -0.047771644592284446,
            "training_time": 0.811779260635376
        },
        "mlp_micro": {
            "arch_type": "mlp",
            "n_params": 6499793,
            "train_loss": 10.713591003417969,
            "val_loss": 10.606305122375488,
            "gen_gap": -0.10728588104248082,
            "training_time": 0.8747885227203369
        }
    },
    "800": {
        "transformer_nano": {
            "arch_type": "transformer",
            "n_params": 3243968,
            "train_loss": 10.143357086181641,
            "val_loss": 10.373858769734701,
            "gen_gap": 0.23050168355305978,
            "training_time": 1.7186620235443115
        },
        "transformer_micro": {
            "arch_type": "transformer",
            "n_params": 6637056,
            "train_loss": 9.59958553314209,
            "val_loss": 10.040987332661947,
            "gen_gap": 0.44140179951985736,
            "training_time": 1.8827908039093018
        },
        "lstm_nano": {
            "arch_type": "lstm",
            "n_params": 3283601,
            "train_loss": 10.612524223327636,
            "val_loss": 10.625361760457357,
            "gen_gap": 0.012837537129721355,
            "training_time": 1.8120734691619873
        },
        "lstm_micro": {
            "arch_type": "lstm",
            "n_params": 6616273,
            "train_loss": 10.094935417175293,
            "val_loss": 10.397442181905111,
            "gen_gap": 0.3025067647298183,
            "training_time": 2.00331974029541
        },
        "gru_nano": {
            "arch_type": "gru",
            "n_params": 3279377,
            "train_loss": 10.545291137695312,
            "val_loss": 10.577651341756185,
            "gen_gap": 0.0323602040608737,
            "training_time": 1.8011386394500732
        },
        "gru_micro": {
            "arch_type": "gru",
            "n_params": 6582993,
            "train_loss": 9.893633842468262,
            "val_loss": 10.342647234598795,
            "gen_gap": 0.44901339213053326,
            "training_time": 2.0217621326446533
        },
        "mlp_nano": {
            "arch_type": "mlp",
            "n_params": 3268817,
            "train_loss": 10.555539321899413,
            "val_loss": 10.583599726359049,
            "gen_gap": 0.028060404459635535,
            "training_time": 1.6029136180877686
        },
        "mlp_micro": {
            "arch_type": "mlp",
            "n_params": 6499793,
            "train_loss": 10.292705726623534,
            "val_loss": 10.193089485168457,
            "gen_gap": -0.09961624145507741,
            "training_time": 1.6675209999084473
        }
    },
    "1600": {
        "transformer_nano": {
            "arch_type": "transformer",
            "n_params": 3243968,
            "train_loss": 9.688202571868896,
            "val_loss": 9.717885780334473,
            "gen_gap": 0.029683208465577593,
            "training_time": 3.213545560836792
        },
        "transformer_micro": {
            "arch_type": "transformer",
            "n_params": 6637056,
            "train_loss": 8.867922496795654,
            "val_loss": 8.85343074798584,
            "gen_gap": -0.014491748809813743,
            "training_time": 3.6650991439819336
        },
        "lstm_nano": {
            "arch_type": "lstm",
            "n_params": 3283601,
            "train_loss": 10.111637735366822,
            "val_loss": 10.152627754211426,
            "gen_gap": 0.04099001884460485,
            "training_time": 3.6604549884796143
        },
        "lstm_micro": {
            "arch_type": "lstm",
            "n_params": 6616273,
            "train_loss": 9.387618589401246,
            "val_loss": 9.648894691467286,
            "gen_gap": 0.2612761020660397,
            "training_time": 3.9275271892547607
        },
        "gru_nano": {
            "arch_type": "gru",
            "n_params": 3279377,
            "train_loss": 10.144628524780273,
            "val_loss": 10.141106986999512,
            "gen_gap": -0.0035215377807613635,
            "training_time": 3.5955991744995117
        },
        "gru_micro": {
            "arch_type": "gru",
            "n_params": 6582993,
            "train_loss": 9.343600511550903,
            "val_loss": 9.61620864868164,
            "gen_gap": 0.27260813713073695,
            "training_time": 3.9918434619903564
        },
        "mlp_nano": {
            "arch_type": "mlp",
            "n_params": 3268817,
            "train_loss": 10.096861696243286,
            "val_loss": 9.760094451904298,
            "gen_gap": -0.3367672443389882,
            "training_time": 3.109750509262085
        },
        "mlp_micro": {
            "arch_type": "mlp",
            "n_params": 6499793,
            "train_loss": 8.482032012939452,
            "val_loss": 8.484856605529785,
            "gen_gap": 0.002824592590332742,
            "training_time": 3.2527048587799072
        }
    },
    "3200": {
        "transformer_nano": {
            "arch_type": "transformer",
            "n_params": 3243968,
            "train_loss": 8.70417091846466,
            "val_loss": 8.240989208221436,
            "gen_gap": -0.46318171024322474,
            "training_time": 6.4979870319366455
        },
        "transformer_micro": {
            "arch_type": "transformer",
            "n_params": 6637056,
            "train_loss": 7.227710807323456,
            "val_loss": 6.559655427932739,
            "gen_gap": -0.6680553793907169,
            "training_time": 7.332546234130859
        },
        "lstm_nano": {
            "arch_type": "lstm",
            "n_params": 3283601,
            "train_loss": 9.407414817810059,
            "val_loss": 9.242748546600343,
            "gen_gap": -0.16466627120971644,
            "training_time": 7.181502103805542
        },
        "lstm_micro": {
            "arch_type": "lstm",
            "n_params": 6616273,
            "train_loss": 8.841731405258178,
            "val_loss": 8.593013668060303,
            "gen_gap": -0.24871773719787527,