{
    "400": {
        "transformer_nano": {
            "arch_type": "transformer",
            "n_params": 3243968,
            "train_loss": 10.421166229248048,
            "val_loss": 10.434391021728516,
            "gen_gap": 0.01322479248046804,
            "training_time": 0.8917653560638428
        },
        "transformer_micro": {
            "arch_type": "transformer",
            "n_params": 6637056,
            "train_loss": 10.054241180419922,
            "val_loss": 10.05015754699707,
            "gen_gap": -0.0040836334228515625,
            "training_time": 1.0102133750915527
        },
        "lstm_nano": {
            "arch_type": "lstm",
            "n_params": 3283601,
            "train_loss": 10.761207962036133,
            "val_loss": 10.736064910888672,
            "gen_gap": -0.025143051147461293,
            "training_time": 1.0035412311553955
        },
        "lstm_micro": {
            "arch_type": "lstm",
            "n_params": 6616273,
            "train_loss": 10.65258331298828,
            "val_loss": 10.513715744018555,
            "gen_gap": -0.13886756896972585,
            "training_time": 1.0208203792572021
        },
        "gru_nano": {
            "arch_type": "gru",
            "n_params": 3279377,
            "train_loss": 10.702526092529297,
            "val_loss": 10.6658935546875,
            "gen_gap": -0.036632537841796875,
            "training_time": 0.9257142543792725
        },
        "gru_micro": {
            "arch_type": "gru",
            "n_params": 6582993,
            "train_loss": 10.515104675292969,
            "val_loss": 10.325932502746582,
            "gen_gap": -0.18917217254638707,
            "training_time": 1.0112793445587158
        },
        "mlp_nano": {
            "arch_type": "mlp",
            "n_params": 3268817,
            "train_loss": 10.734320449829102,
            "val_loss": 10.700153350830078,
            "gen_gap": -0.03416709899902415,
            "training_time": 0.8050408363342285
        },
        "mlp_micro": {
            "arch_type": "mlp",
            "n_params": 6499793,
            "train_loss": 10.73641471862793,
            "val_loss": 10.679230690002441,
            "gen_gap": -0.05718402862548899,
            "training_time": 0.8404817581176758
        }
    },
    "800": {
        "transformer_nano": {
            "arch_type": "transformer",
            "n_params": 3243968,
            "train_loss": 10.101047325134278,
            "val_loss": 10.238201777140299,
            "gen_gap": 0.13715445200602083,
            "training_time": 1.6306884288787842
        },
        "transformer_micro": {
            "arch_type": "transformer",
            "n_params": 6637056,
            "train_loss": 9.564810943603515,
            "val_loss": 9.79474925994873,
            "gen_gap": 0.22993831634521555,
            "training_time": 1.8722577095031738
        },
        "lstm_nano": {
            "arch_type": "lstm",
            "n_params": 3283601,
            "train_loss": 10.61117000579834,
            "val_loss": 10.55707867940267,
            "gen_gap": -0.05409132639566927,
            "training_time": 1.827754259109497
        },
        "lstm_micro": {
            "arch_type": "lstm",
            "n_params": 6616273,
            "train_loss": 10.009717845916748,
            "val_loss": 10.174382209777832,
            "gen_gap": 0.16466436386108363,
            "training_time": 2.041102409362793
        },
        "gru_nano": {
            "arch_type": "gru",
            "n_params": 3279377,
            "train_loss": 10.569876670837402,
            "val_loss": 10.53738784790039,
            "gen_gap": -0.03248882293701172,
            "training_time": 1.8180320262908936
        },
        "gru_micro": {
            "arch_type": "gru",
            "n_params": 6582993,
            "train_loss": 9.779924488067627,
            "val_loss": 9.96762784322103,
            "gen_gap": 0.18770335515340264,
            "training_time": 1.9805333614349365
        },
        "mlp_nano": {
            "arch_type": "mlp",
            "n_params": 3268817,
            "train_loss": 10.62261905670166,
            "val_loss": 10.607145309448242,
            "gen_gap": -0.015473747253418324,
            "training_time": 1.5529117584228516
        },
        "mlp_micro": {
            "arch_type": "mlp",
            "n_params": 6499793,
            "train_loss": 10.253066349029542,
            "val_loss": 9.878501892089844,
            "gen_gap": -0.374564456939698,
            "training_time": 1.6637067794799805
        }
    },
    "1600": {
        "transformer_nano": {
            "arch_type": "transformer",
            "n_params": 3243968,
            "train_loss": 9.632458686828613,
            "val_loss": 9.733196258544922,
            "gen_gap": 0.1007375717163086,
            "training_time": 3.2666378021240234
        },
        "transformer_micro": {
            "arch_type": "transformer",
            "n_params": 6637056,
            "train_loss": 8.787495660781861,
            "val_loss": 8.912079238891602,
            "gen_gap": 0.12458357810974086,
            "training_time": 3.711846351623535
        },
        "lstm_nano": {
            "arch_type": "lstm",
            "n_params": 3283601,
            "train_loss": 10.072148561477661,
            "val_loss": 10.16326847076416,
            "gen_gap": 0.09111990928649938,
            "training_time": 3.595043420791626
        },
        "lstm_micro": {
            "arch_type": "lstm",
            "n_params": 6616273,
            "train_loss": 9.229200601577759,
            "val_loss": 9.670324516296386,
            "gen_gap": 0.4411239147186272,
            "training_time": 3.9516680240631104
        },
        "gru_nano": {
            "arch_type": "gru",
            "n_params": 3279377,
            "train_loss": 10.094262218475341,
            "val_loss": 10.169820404052734,
            "gen_gap": 0.07555818557739258,
            "training_time": 3.663757562637329
        },
        "gru_micro": {
            "arch_type": "gru",
            "n_params": 6582993,
            "train_loss": 9.173744583129883,
            "val_loss": 9.610906600952148,
            "gen_gap": 0.43716201782226527,
            "training_time": 3.939932107925415
        },
        "mlp_nano": {
            "arch_type": "mlp",
            "n_params": 3268817,
            "train_loss": 10.107585334777832,
            "val_loss": 9.882416343688964,
            "gen_gap": -0.2251689910888679,
            "training_time": 3.0707921981811523
        },
        "mlp_micro": {
            "arch_type": "mlp",
            "n_params": 6499793,
            "train_loss": 8.300344038009644,
            "val_loss": 8.584017181396485,
            "gen_gap": 0.28367314338684047,
            "training_time": 3.3426449298858643
        }
    },
    "3200": {
        "transformer_nano": {
            "arch_type": "transformer",
            "n_params": 3243968,
            "train_loss": 8.65265941619873,
            "val_loss": 8.471514987945557,
            "gen_gap": -0.18114442825317312,
            "training_time": 6.461258888244629
        },
        "transformer_micro": {
            "arch_type": "transformer",
            "n_params": 6637056,
            "train_loss": 7.081642198562622,
            "val_loss": 6.894939279556274,
            "gen_gap": -0.18670291900634783,
            "training_time": 7.412839889526367
        },
        "lstm_nano": {
            "arch_type": "lstm",
            "n_params": 3283601,
            "train_loss": 9.205062651634217,
            "val_loss": 9.399218273162841,
            "gen_gap": 0.19415562152862442,
            "training_time": 7.1541969776153564
        },
        "lstm_micro": {
            "arch_type": "lstm",
            "n_params": 6616273,
            "train_loss": 8.784814596176147,
            "val_loss": 9.015331077575684,
            "gen_gap": 0.23051648139953684,