{
    "decoder_small_n1000": {
        "config": {
            "name": "decoder_small",
            "arch_type": "decoder_only",
            "n_layer": 2,
            "n_head": 2,
            "d_model": 64,
            "vocab_size": 5000,
            "seq_length": 32,
            "num_classes": 10
        },
        "n_params": 778504,
        "dataset_size": 1000,
        "final_val_loss": 8.560962677001953,
        "final_val_accuracy": 0,
        "training_time_sec": 1.039604663848877,
        "full_history": {
            "train_loss": [
                8.67197835445404,
                8.597771644592285
            ],
            "val_loss": [
                8.62622778756278,
                8.560962677001953
            ],
            "val_accuracy": [
                0,
                0
            ]
        }
    },
    "decoder_small_n5000": {
        "config": {
            "name": "decoder_small",
            "arch_type": "decoder_only",
            "n_layer": 2,
            "n_head": 2,
            "d_model": 64,
            "vocab_size": 5000,
            "seq_length": 32,
            "num_classes": 10
        },
        "n_params": 778504,
        "dataset_size": 5000,
        "final_val_loss": 7.9595125913619995,
        "final_val_accuracy": 0,
        "training_time_sec": 4.387945890426636,
        "full_history": {
            "train_loss": [
                8.523814741972904,
                8.119922467857409
            ],
            "val_loss": [
                8.282456874847412,
                7.9595125913619995
            ],
            "val_accuracy": [
                0,
                0
            ]
        }
    },
    "decoder_small_n10000": {
        "config": {
            "name": "decoder_small",
            "arch_type": "decoder_only",
            "n_layer": 2,
            "n_head": 2,
            "d_model": 64,
            "vocab_size": 5000,
            "seq_length": 32,
            "num_classes": 10
        },
        "n_params": 778504,
        "dataset_size": 10000,
        "final_val_loss": 7.628418210953001,
        "final_val_accuracy": 0,
        "training_time_sec": 8.051982402801514,
        "full_history": {
            "train_loss": [
                8.341756887710133,
                7.838929636409869
            ],
            "val_loss": [
                7.958209204295325,
                7.628418210953001
            ],
            "val_accuracy": [
                0,
                0
            ]
        }
    },
    "decoder_base_n1000": {
        "config": {
            "name": "decoder_base",
            "arch_type": "decoder_only",
            "n_layer": 4,
            "n_head": 4,
            "d_model": 128,
            "vocab_size": 5000,
            "seq_length": 32,
            "num_classes": 10
        },
        "n_params": 2343304,
        "dataset_size": 1000,
        "final_val_loss": 8.502991267613002,
        "final_val_accuracy": 0,
        "training_time_sec": 1.8105285167694092,
        "full_history": {
            "train_loss": [
                8.653911232948303,
                8.560033917427063
            ],
            "val_loss": [
                8.61020987374442,
                8.502991267613002
            ],
            "val_accuracy": [
                0,
                0
            ]
        }
    },
    "decoder_base_n5000": {
        "config": {
            "name": "decoder_base",
            "arch_type": "decoder_only",
            "n_layer": 4,
            "n_head": 4,
            "d_model": 128,
            "vocab_size": 5000,
            "seq_length": 32,
            "num_classes": 10
        },
        "n_params": 2343304,
        "dataset_size": 5000,
        "final_val_loss": 7.770866751670837,
        "final_val_accuracy": 0,
        "training_time_sec": 7.032918214797974,
        "full_history": {
            "train_loss": [
                8.403428946331049,
                7.910670286530902
            ],
            "val_loss": [
                8.032578349113464,
                7.770866751670837
            ],
            "val_accuracy": [
                0,
                0
            ]
        }
    },
    "decoder_base_n10000": {
        "config": {
            "name": "decoder_base",
            "arch_type": "decoder_only",
            "n_layer": 4,
            "n_head": 4,
            "d_model": 128,
            "vocab_size": 5000,
            "seq_length": 32,
            "num_classes": 10
        },
        "n_params": 2343304,
        "dataset_size": 10000,
        "final_val_loss": 7.201487889365544,
        "final_val_accuracy": 0,
        "training_time_sec": 14.791278600692749,
        "full_history": {
            "train_loss": [
                8.169953574768652,
                7.606158478953206
            ],
            "val_loss": [
                7.780909704783606,
                7.201487889365544
            ],
            "val_accuracy": [
                0,
                0
            ]
        }
    },
    "encoder_small_n1000": {
        "config": {
            "name": "encoder_small",
            "arch_type": "encoder_only",
            "n_layer": 2,
            "n_head": 2,
            "d_model": 64,
            "vocab_size": 5000,
            "seq_length": 32,
            "num_classes": 10
        },
        "n_params": 420618,
        "dataset_size": 1000,
        "final_val_loss": 2.4404384068080356,
        "final_val_accuracy": 0.105,
        "training_time_sec": 0.7954976558685303,
        "full_history": {
            "train_loss": [
                2.4781761169433594,
                2.4065847396850586
            ],
            "val_loss": [
                2.4479195731026784,
                2.4404384068080356
            ],
            "val_accuracy": [
                0.12,
                0.105
            ]
        }
    },
    "encoder_small_n5000": {
        "config": {
            "name": "encoder_small",
            "arch_type": "encoder_only",
            "n_layer": 2,
            "n_head": 2,
            "d_model": 64,
            "vocab_size": 5000,
            "seq_length": 32,
            "num_classes": 10
        },
        "n_params": 420618,
        "dataset_size": 5000,
        "final_val_loss": 2.3826284408569336,
        "final_val_accuracy": 0.091,
        "training_time_sec": 2.672912359237671,
        "full_history": {
            "train_loss": [
                2.4280567533650976,
                2.3591554483790307
            ],
            "val_loss": [
                2.410022735595703,
                2.3826284408569336
            ],
            "val_accuracy": [
                0.088,
                0.091
            ]
        }
    },
    "encoder_small_n10000": {
        "config": {
            "name": "encoder_small",
            "arch_type": "encoder_only",
            "n_layer": 2,
            "n_head": 2,
            "d_model": 64,
            "vocab_size": 5000,
            "seq_length": 32,
            "num_classes": 10
        },
        "n_params": 420618,
        "dataset_size": 10000,
        "final_val_loss": 2.3421190049913196,
        "final_val_accuracy": 0.103,
        "training_time_sec": 5.28169846534729,
        "full_history": {
            "train_loss": [
                2.4038702139077475,
                2.3358360997404155
            ],
            "val_loss": [
                2.3756931849888394,
                2.3421190049913196
            ],
            "val_accuracy": [
                0.0935,
                0.103
            ]
        }
    },
    "encoder_base_n1000": {
        "config": {
            "name": "encoder_base",
            "arch_type": "encoder_only",
            "n_layer": 4,
            "n_head": 4,
            "d_model": 128,
            "vocab_size": 5000,
            "seq_length": 32,
            "num_classes": 10
        },
        "n_params": 1434378,
        "dataset_size": 1000,